City_ID,City,Lat,Lng,Max Temp,Humidity,Cloudiness,Wind Speed,Country,Date
0,Adamstown,-25.066,-130.1015,24.36,84,100,5.04,PN,1705909344
1,Papatowai,-46.5619,169.4708,15.37,94,94,1.74,NZ,1705909345
2,Mragowo,53.8644,21.3051,0.0,80,100,8.31,PL,1705909347
3,Port-Aux-Francais,-49.35,70.2167,6.12,80,91,11.98,TF,1705909348
4,Pampierstad,-27.7832,24.6877,30.28,25,1,1.35,ZA,1705909350
5,Ryotsu-Minato,38.0833,138.4333,8.29,83,100,3.05,JP,1705909351
6,Isafjordur,66.0755,-23.124,-4.98,74,100,5.14,IS,1705909353
7,Bayanhongor,46.7167,100.1167,-20.81,84,4,0.81,MN,1705909354
8,Freetown,8.484,-13.2299,25.68,80,6,1.47,SL,1705909356
9,Blackmans Bay,-43.0167,147.3167,14.07,60,45,0.89,AU,1705909357
10,Waitangi,-43.9535,-176.5597,18.23,94,100,4.92,NZ,1705909359
11,Longyearbyen,78.2186,15.6401,-8.09,45,0,8.23,SJ,1705909360
12,Margaret River,-33.95,115.0667,21.53,59,0,5.25,AU,1705909362
13,Yellapur,14.9667,74.7167,34.08,20,59,2.48,IN,1705909364
14,Gamba,-2.65,10.0,27.03,82,100,1.87,GA,1705909365
15,Magadan,59.5667,150.8,-34.71,99,63,1.74,RU,1705909367
16,Thompson,55.7435,-97.8558,-20.91,77,0,4.12,CA,1705909369
17,Talnakh,69.4865,88.3972,-10.44,95,100,5.51,RU,1705909370
18,Port Mathurin,-19.6833,63.4167,28.67,86,58,9.71,MU,1705909372
19,Tiksi,71.6872,128.8694,-28.14,93,100,10.34,RU,1705909373
20,Nacala,-14.5428,40.6728,28.62,78,75,4.12,MZ,1705909375
21,Kamaishi,39.2667,141.8833,6.26,86,100,4.79,JP,1705909377
22,Ilulissat,69.2167,-51.1,-11.99,61,75,10.8,GL,1705909379
23,Bilibino,68.0546,166.4372,-15.06,97,100,1.79,RU,1705909380
24,Puerto Colombia,10.9878,-74.9547,27.05,83,0,11.8,CO,1705909382
25,Melenki,55.3343,41.6295,-16.03,98,98,3.26,RU,1705909383
26,Punta Arenas,-53.15,-70.9167,13.06,82,75,5.14,CL,1705909095
27,San Antonio De Pale,-1.4014,5.6325,27.16,81,5,2.6,GQ,1705909386
28,Jamestown,42.097,-79.2353,-8.23,93,0,4.12,US,1705909388
29,Nagornyy,52.7959,83.5498,-14.48,85,10,0.51,RU,1705909389
30,Tostado,-29.232,-61.7692,18.88,79,5,3.67,AR,1705909391
31,Nova Sintra,14.8667,-24.7167,20.18,76,100,7.48,CV,1705909393
32,Atafu Village,-8.5421,-172.5159,29.67,73,89,3.87,TK,1705909394
33,Tqvarch'Eli,42.8404,41.6801,4.31,97,100,1.62,GE,1705909396
34,Kaga Bandoro,6.9896,19.1874,29.65,9,1,2.27,CF,1705909397
35,Tura,25.5198,90.2201,22.56,34,3,1.94,IN,1705909399
36,Ushuaia,-54.8,-68.3,6.81,93,100,2.06,AR,1705909400
37,Corn Island,12.1694,-83.0418,27.4,79,78,10.52,NI,1705909402
38,Bethel,41.3712,-73.414,-4.8,74,4,0.89,US,1705909403
39,Chonchi,-42.6128,-73.8092,16.56,94,3,2.16,CL,1705909405
40,Happy Valley-Goose Bay,53.3168,-60.3315,-19.83,65,75,3.6,CA,1705909406
41,Barreirinhas,-2.7469,-42.8264,25.51,88,58,3.1,BR,1705909408
42,Grytviken,-54.2811,-36.5092,1.48,99,100,2.02,GS,1705909409
43,Lebu,-37.6167,-73.65,13.28,88,6,5.35,CL,1705909411
44,Cabo San Lucas,22.8909,-109.9124,20.42,76,100,3.13,MX,1705908871
45,Yellowknife,62.456,-114.3525,-33.71,75,0,2.06,CA,1705909414
46,Saipan,15.1355,145.701,27.39,61,40,6.17,MP,1705909415
47,Leh,34.1667,77.5833,-3.94,19,5,0.68,IN,1705909417
48,Puerto Natales,-51.7236,-72.4875,13.82,81,100,4.43,CL,1705909418
49,Kibiti,-7.7218,38.9375,23.5,93,100,0.76,TZ,1705909420
50,Tindouf,27.6711,-8.1474,12.25,32,0,5.14,DZ,1705909421
51,Cadale,2.7603,46.3222,28.93,58,30,10.18,SO,1705909423
52,Kodinsk,58.6881,99.1844,-11.98,93,86,1.48,RU,1705909424
53,Albany,42.6001,-73.9662,-6.87,83,13,0.89,US,1705909426
54,Mount Pearl,47.5166,-52.7813,-1.14,87,100,6.69,CA,1705909427
55,Pikalevo,59.5183,34.1664,-6.27,89,50,5.18,RU,1705909429
56,Tabuk,17.4189,121.4443,25.92,79,56,3.61,PH,1705909430
57,Hithadhoo,-0.6,73.0833,28.81,72,48,3.05,MV,1705909432
58,Tralee,52.2704,-9.7026,6.89,80,98,10.06,IE,1705909433
59,Alofi,-19.0595,-169.9187,25.94,89,97,2.57,NU,1705909435
60,Benguela,-12.5763,13.4055,27.43,67,13,1.39,AO,1705909436
61,Salalah,17.0151,54.0924,27.05,22,0,8.23,OM,1705909438
62,Port Elizabeth,-33.918,25.5701,20.73,95,100,6.17,ZA,1705909439
63,Nicoya,10.1483,-85.452,24.41,74,80,5.2,CR,1705909441
64,Gwio Kura,12.6753,11.0682,22.4,12,16,4.14,NG,1705909442
65,Iqaluit,63.7506,-68.5145,-21.84,69,40,1.54,CA,1705909444
66,Gadzhiyevo,69.2551,33.3362,-8.73,94,100,5.47,RU,1705909445
67,Vorgashor,67.5833,63.95,-12.29,95,100,4.87,RU,1705909447
68,West Island,-12.1568,96.8225,28.99,79,100,3.6,CC,1705909448
69,Lihue,21.9789,-159.3672,23.58,92,100,2.06,US,1705909151
70,Okha,53.5739,142.9478,-28.23,95,45,0.25,RU,1705909451
71,Afaahiti,-17.75,-149.2833,22.93,82,99,8.06,PF,1705909453
72,Atar,20.5169,-13.0499,22.96,11,100,3.99,MR,1705909454
73,Nemuro,43.3236,145.575,-1.32,69,97,6.52,JP,1705909456
74,Seven Pagodas,12.6264,80.1722,30.03,61,5,3.27,IN,1705909163
75,Georgetown,5.4112,100.3354,31.96,70,40,4.12,MY,1705909459
76,Ribeira Grande,38.5167,-28.7,18.22,94,75,8.94,PT,1705909460
77,Bandipura,34.4167,74.65,11.66,11,100,1.3,IN,1705909462
78,Jiagedaqi,50.4167,124.1167,-19.29,90,96,0.94,CN,1705909464
79,Kirensk,57.7853,108.1119,-12.31,85,100,4.46,RU,1705909465
80,Kalmunai,7.4167,81.8167,28.15,70,57,5.38,LK,1705909467
81,Khash,28.2211,61.2158,14.65,22,0,0.96,IR,1705909468
82,Edinburgh Of The Seven Seas,-37.0676,-12.3116,19.07,85,35,10.28,SH,1705909470
83,Gilgit,35.9221,74.3087,6.42,22,98,0.54,PK,1705909471
84,Kapa'A,22.0752,-159.319,23.99,91,100,2.06,US,1705909473
85,Zaozersk,69.4005,32.4476,-10.03,95,100,2.9,RU,1705909474
86,Peterhead,57.5058,-1.7981,6.36,65,41,14.72,GB,1705909476
87,Utrik,11.2278,169.8474,26.39,79,36,9.22,MH,1705909477
88,Olyokminsk,60.3736,120.4264,-11.15,90,100,5.24,RU,1705909479
89,Sitka,57.0531,-135.33,2.94,87,100,6.17,US,1705909480
90,Ola,59.5833,151.2833,-34.37,99,70,1.52,RU,1705909482
91,Alice Springs,-23.7,133.8833,38.75,46,89,6.69,AU,1705909483
92,Poronaysk,49.2167,143.1167,-20.47,92,98,0.86,RU,1705909485
93,Port Alfred,-33.5906,26.891,22.32,88,63,3.13,ZA,1705909486
94,Muravlenko,63.7898,74.523,-7.39,91,100,11.79,RU,1705909488
95,Yuzhno-Kurilsk,44.0306,145.8556,-2.01,69,100,3.62,RU,1705909489
96,Ciudad Lazaro Cardenas,17.9583,-102.2,23.02,87,0,2.01,MX,1705909491
97,Stanley,54.868,-1.6985,7.06,71,40,14.4,GB,1705909492
98,Codrington,-38.2667,141.9667,16.54,60,52,6.85,AU,1705909494
99,La'Ie,21.6477,-157.9253,24.23,81,30,2.32,US,1705909495
100,Puerto Aysen,-45.4,-72.7,11.47,100,91,0.75,CL,1705909497
101,Edd,13.9297,41.6925,30.61,43,98,7.27,ER,1705909498
102,Puerto Deseado,-47.7503,-65.8938,16.82,57,5,4.86,AR,1705909500
103,Oras,12.1406,125.4397,26.29,87,100,5.14,PH,1705909501
104,Vilyuysk,63.7553,121.6247,-25.56,98,100,3.13,RU,1705909503
105,Udachny,66.4167,112.4,-23.01,100,93,2.39,RU,1705909505
106,Taoudenni,22.6783,-3.9836,18.35,16,100,7.35,ML,1705909506
107,Sangaria,29.8,74.45,20.99,16,98,1.77,IN,1705909508
108,Iskateley,67.6803,53.1512,-24.43,98,44,2.68,RU,1705909509
109,Sao Vicente,-23.9631,-46.3919,24.1,26,74,0.45,BR,1705909511
110,Avarua,-21.2078,-159.775,25.03,78,100,4.12,CK,1705909512
111,Invercargill,-46.4,168.35,16.68,83,100,4.02,NZ,1705909514
112,Mgandu,-5.95,34.1333,19.71,78,100,2.31,TZ,1705909515
113,Wailua Homesteads,22.0669,-159.378,23.24,92,100,2.06,US,1705909517
114,Kirakira,-10.4544,161.9205,27.02,86,92,1.55,SB,1705909518
115,Nizhneangarsk,55.7833,109.55,-21.67,90,90,0.45,RU,1705909520
116,Hasaki,35.7333,140.8333,14.05,68,100,4.45,JP,1705909522
117,Klyuchi,52.2667,79.1667,-12.56,80,3,2.72,RU,1705909523
118,Guerrero Negro,27.9769,-114.0611,15.94,87,100,3.9,MX,1705909525
119,Mchinji,-13.7984,32.8802,22.41,85,82,0.37,MW,1705909526
120,Ennis,52.8436,-8.9864,6.96,76,40,7.2,IE,1705909528
121,Arraial Do Cabo,-22.9661,-42.0278,24.26,87,20,5.33,BR,1705909529
122,Novo Aripuana,-5.1206,-60.3797,23.82,99,99,0.41,BR,1705909531
123,Susuman,62.7833,148.1667,-45.59,100,83,0.3,RU,1705909532
124,Fortuna,40.5982,-124.1573,12.59,92,100,6.69,US,1705909534
125,Kinmparana,12.8402,-4.9199,22.82,10,44,3.02,ML,1705909536
126,Poltavka,54.3663,71.7632,-10.49,87,100,4.41,RU,1705909537
127,Kanchanaburi,14.6333,99.1,32.57,16,58,0.84,TH,1705909539
128,Bakhtiyarpur,25.4667,85.5167,18.01,31,35,2.9,IN,1705909540
129,Pelabuhan Klang,3.0,101.4,32.09,79,74,4.35,MY,1705909542
130,Igugunu,-4.5667,34.6333,19.26,86,100,2.77,TZ,1705909543
131,Moree,-29.4667,149.85,38.26,16,0,7.38,AU,1705909545
132,Concepcion,-36.827,-73.0498,14.89,82,0,1.54,CL,1705909546
133,Rybinsk,58.0446,38.8426,-12.04,90,20,5.36,RU,1705909548
134,Kodiak,57.79,-152.4072,-3.27,86,100,8.23,US,1705909549
135,Bousso,10.4795,16.7117,26.35,10,0,2.49,TD,1705909551
136,Tinaan,11.2667,123.75,27.48,77,100,2.94,PH,1705909552
137,Durango,24.8333,-104.8333,7.88,73,100,1.34,MX,1705909466
138,Lammi,61.0833,25.0167,-0.53,96,100,6.65,FI,1705909555
139,Lompoc,34.6391,-120.4579,15.99,80,75,8.23,US,1705909557
140,Mandera,3.9366,41.867,32.35,30,9,7.57,KE,1705909558
141,Aasiaat,68.7098,-52.8699,-15.24,95,100,6.57,GL,1705909560
142,Saint-Jean-De-Maurienne,45.1667,6.5833,-3.81,59,82,0.66,FR,1705909561
143,Kingston,17.997,-76.7936,26.23,79,20,2.06,JM,1705909563
144,Banff,51.1762,-115.5698,-9.79,92,99,1.54,CA,1705909564
145,Remire-Montjoly,4.9167,-52.2667,26.02,89,100,3.6,GF,1705909566
146,Laguna,38.421,-121.4238,13.75,91,100,8.23,US,1705909567
147,Bredasdorp,-34.5322,20.0403,18.73,76,100,7.04,ZA,1705909569
148,Chibougamau,49.9168,-74.3659,-9.21,86,100,6.69,CA,1705909570
149,Sao Joao Da Barra,-21.6403,-41.0511,22.82,91,8,4.6,BR,1705909351
150,Hermanus,-34.4187,19.2345,18.63,85,100,7.88,ZA,1705909573
151,Roma,43.2128,-75.4557,-6.74,86,100,3.09,US,1705909573
152,Abu Al Matamir,30.9102,30.1744,18.27,61,46,6.78,EG,1705909576
153,Saudarkrokur,65.7461,-19.6394,-7.66,91,100,3.86,IS,1705909578
154,Richards Bay,-28.783,32.0377,27.95,60,0,1.55,ZA,1705909580
155,Tayshet,55.9342,98.0044,-10.8,89,92,0.81,RU,1705909581
156,Shubarshi,48.5872,57.1869,-5.34,85,100,3.29,KZ,1705909583
157,Port Lincoln,-34.7333,135.8667,23.22,49,6,3.83,AU,1705909507
158,North Bend,43.4065,-124.2243,12.7,94,100,5.14,US,1705909585
159,Bria,6.5423,21.9863,28.3,12,5,1.84,CF,1705909587
160,Sidi Ifni,29.3797,-10.173,14.86,54,0,1.98,MA,1705909588
161,Boa Vista,2.8197,-60.6733,25.99,73,0,6.17,BR,1705909590
162,Klaksvik,62.2266,-6.589,5.51,97,100,12.86,FO,1705909591
163,Sydney Mines,46.2367,-60.2177,-1.77,80,75,5.66,CA,1705909593
164,Hantsavichy,52.758,26.43,-4.34,82,100,6.91,BY,1705909594
165,Maputo,-25.9653,32.5892,25.82,73,20,1.04,MZ,1705909596
166,Coquimbo,-29.9533,-71.3436,15.85,94,100,1.54,CL,1705909593
167,Takoradi,4.8845,-1.7554,27.8,80,5,1.19,GH,1705909599
168,Safaga,26.7292,33.9365,24.21,25,22,0.67,EG,1705909600
169,Buka,40.8108,69.1986,10.39,32,96,0.44,UZ,1705909602
170,Mangrol,21.1167,70.1167,26.3,35,48,4.05,IN,1705909603
171,San Julian,21.0167,-102.1667,12.44,64,68,1.34,MX,1705909605
172,Sinabang,2.4803,96.3801,29.59,69,44,0.57,ID,1705909606
173,Whitehorse,60.7161,-135.0538,-21.5,73,100,3.09,CA,1705909257
174,Juneau,58.3019,-134.4197,-5.88,95,100,0.0,US,1705909510
175,Pizarro,4.9533,-77.366,25.49,92,63,1.78,CO,1705909611
176,Qaqortoq,60.7167,-46.0333,-12.57,65,96,3.38,GL,1705909612
177,Ketchikan,55.3422,-131.6461,4.99,100,100,1.54,US,1705909614
178,Ujae,8.9322,165.7642,27.4,78,100,8.73,MH,1705909616
179,Hawaiian Paradise Park,19.5933,-154.9731,22.24,94,20,2.57,US,1705909617
180,Puerto Ayora,-0.7393,-90.3518,25.31,98,53,2.24,EC,1705909619
181,Badger,64.8,-147.5333,-34.07,61,0,0.0,US,1705909620
182,Saint-Philippe,-21.3585,55.7679,30.77,83,100,4.13,RE,1705909622
183,Geraldton,-28.7667,114.6,27.23,54,0,10.29,AU,1705909623
184,Sumbe,-11.2061,13.8437,27.54,67,27,0.41,AO,1705909625
185,Callao,-12.0667,-77.15,23.73,83,20,4.63,PE,1705909561
186,Nadi,-17.8,177.4167,25.0,94,75,2.57,FJ,1705909628
187,Rabo De Peixe,37.8,-25.5833,17.77,99,75,5.14,PT,1705909397
188,Emerald,-23.5333,148.1667,37.97,34,62,6.09,AU,1705909631
189,Sisimiut,66.9395,-53.6735,-8.4,80,100,10.86,GL,1705909633
190,St. John'S,47.5649,-52.7093,-0.68,86,100,7.6,CA,1705909634
191,Ende,-8.8432,121.6623,28.27,82,100,2.44,ID,1705909636
192,Lata,40.1629,-8.3327,8.93,83,64,1.11,PT,1705909637
193,Afega,-13.7973,-171.8531,28.0,88,75,0.0,WS,1705909639
194,Bonthe,7.5264,-12.505,25.39,86,0,1.08,SL,1705909640
195,Tazovsky,67.4667,78.7,-9.35,94,100,6.36,RU,1705909642
196,Fale Old Settlement,-9.3852,-171.2468,29.66,71,56,3.65,TK,1705909643
197,Carnarvon,-24.8667,113.6333,27.04,64,8,12.39,AU,1705909645
198,Vilyuchinsk,52.9306,158.4028,-8.37,90,50,2.38,RU,1705909646
199,Zaysan,47.4667,84.8667,-16.01,89,37,1.03,KZ,1705909648
200,Kolonia,50.9333,6.95,12.19,75,100,7.72,DE,1705909454
201,Hadibu,12.65,54.0333,25.47,63,58,7.36,YE,1705909651
202,Kete Krachi,7.7939,-0.0498,26.99,76,0,2.58,GH,1705909653
203,Rundu,-17.9333,19.7667,26.91,43,3,2.52,NA,1705909654
204,Solnechnyy,50.7214,136.6319,-22.76,96,56,1.85,RU,1705909656
205,Kristiansund,63.1115,7.732,7.36,53,0,5.14,NO,1705909657
206,Calvi,42.5,8.8333,0.35,52,0,2.06,FR,1705909659
207,Vadso,70.0744,29.7487,-6.91,86,100,5.14,NO,1705909660
208,General Acha,-37.377,-64.6043,16.63,36,0,4.06,AR,1705909662
209,Saint-Pierre,-21.3393,55.4781,30.82,70,20,1.54,RE,1705909663
210,Cicero Dantas,-10.6,-38.3833,22.28,84,87,1.16,BR,1705909501
211,Pangkalanbuun,-2.6833,111.6167,28.67,78,100,2.31,ID,1705909666
212,Ghadamis,30.1337,9.5007,10.04,63,6,5.87,LY,1705909668
213,Masterton,-40.9597,175.6575,21.72,94,100,2.48,NZ,1705909669
214,Quellon,-43.1167,-73.6167,12.87,94,7,4.57,CL,1705909671
215,Olonkinbyen,70.9221,-8.7187,-4.41,86,100,5.32,SJ,1705909672
216,Sao Sebastiao,-23.76,-45.4097,23.09,91,68,1.56,BR,1705909394
217,Torre Del Lago Puccini,43.8281,10.2912,6.5,93,0,2.06,IT,1705909675
218,College,64.8569,-147.8028,-34.03,52,0,0.0,US,1705909677
219,Sultanah,24.4926,39.5857,22.25,30,0,1.54,SA,1705909678
220,Murun-Kuren,49.6342,100.1625,-17.12,86,5,0.59,MN,1705909680
221,Agropoli,40.3469,14.9966,8.94,57,21,1.27,IT,1705909681
222,Tucuma,-0.1833,-50.05,24.48,96,67,2.57,BR,1705909593
223,Zeya,53.75,127.2667,-25.84,86,100,0.37,RU,1705909684
224,Anna Regina,7.2644,-58.5077,24.26,89,21,3.87,GY,1705909686
225,Raduzhnyy,62.0961,77.475,-6.54,79,100,8.25,RU,1705909687
226,Chinde,26.8418,88.0763,15.03,42,23,2.97,NP,1705909689
227,Daru,-9.0763,143.2092,26.07,89,100,5.25,PG,1705909690
228,Garhi Khairo,28.0606,67.9803,25.43,15,0,3.57,PK,1705909692
229,Bambanglipuro,-7.95,110.2833,28.44,77,93,6.14,ID,1705909694
230,Champerico,14.3,-91.9167,25.43,75,93,1.92,GT,1705909695
231,Belalcazar,2.6547,-75.9928,15.16,94,100,0.66,CO,1705909697
232,Ilagan,17.1485,121.8892,27.88,72,33,1.55,PH,1705909698
233,Zhangye,38.9342,100.4517,-7.53,34,0,3.44,CN,1705909700
234,Flying Fish Cove,-10.4217,105.6791,29.82,65,40,4.12,CX,1705909701
235,Dolores,-36.3132,-57.6792,15.0,88,0,1.83,AR,1705909703
236,Hotan,37.0997,79.9269,-1.57,37,49,1.94,CN,1705909704
237,Ta`U,-14.2336,-169.5144,28.87,73,61,3.79,AS,1705909706
238,Youhao,47.8667,128.8333,-23.69,89,67,1.55,CN,1705909708
239,Banda Aceh,5.5577,95.3222,29.77,67,40,8.17,ID,1705909709
240,Constitucion,-35.3333,-72.4167,15.38,60,0,0.89,CL,1705909711
241,Margate,51.3813,1.3862,10.94,79,95,4.92,GB,1705909712
242,Luba,3.4568,8.5547,27.9,78,16,2.2,GQ,1705909714
243,Gumdag,39.2061,54.5906,10.99,63,5,5.69,TM,1705909716
244,Cam Ranh,11.9214,109.1591,28.98,61,20,6.69,VN,1705909717
245,Tual,-5.6667,132.75,27.4,79,99,9.23,ID,1705909719
246,Gebeit,21.0667,36.3167,24.55,48,0,1.25,SD,1705909720
247,Oranjemund,-28.55,16.4333,20.09,75,94,5.61,NA,1705909722
248,Nova Vicosa,-17.8919,-39.3719,25.07,90,100,1.84,BR,1705909723
249,Tamanrasset,22.785,5.5228,10.95,11,0,0.0,DZ,1705909725
250,Namibe,-15.1961,12.1522,24.0,68,20,1.7,AO,1705909726
251,Ornskoldsvik,63.2909,18.7153,-0.47,100,75,9.26,SE,1705909728
252,Dhuusamarreeb,5.535,46.3861,30.88,23,47,10.7,SO,1705909729
253,Great Falls,47.5002,-111.3008,2.66,86,40,4.12,US,1705909731
254,Lerwick,60.1545,-1.1494,8.0,83,100,21.58,GB,1705909732
255,Karratha,-20.7377,116.8463,29.85,64,12,5.34,AU,1705909734
256,Muynoq,43.7683,59.0214,6.15,33,100,2.2,UZ,1705909735
257,Swakopmund,-22.6833,14.5333,20.55,77,60,2.24,NA,1705909737
258,Catabola,-12.15,17.2833,20.53,83,96,1.07,AO,1705909738
259,Saurimo,-9.6608,20.3916,18.59,95,100,0.94,AO,1705909740
260,Augusto Correa,-1.0217,-46.635,27.39,76,90,2.86,BR,1705909529
261,Ulladulla,-35.35,150.4667,20.98,76,64,3.74,AU,1705909743
262,Tofol,5.3248,163.0078,27.95,82,100,7.98,FM,1705909744
263,Copala,16.65,-98.9833,24.03,76,0,1.39,MX,1705909746
264,Trondheim,63.4305,10.3951,6.03,69,100,5.36,NO,1705909503
265,Petauke,-14.2426,31.3253,23.87,74,70,1.71,ZM,1705909749
266,Bolong,7.0983,122.2392,31.0,71,100,1.97,PH,1705909751
267,Portland,45.5234,-122.6762,8.32,94,100,6.69,US,1705909580
268,Kittila,67.6647,24.8936,-1.88,93,100,5.66,FI,1705909754
269,San Mariano,7.5,126.0,27.21,83,87,1.71,PH,1705909756
270,Constantia,44.1833,28.65,-6.62,76,77,3.43,RO,1705909472
271,Coracora,-15.0333,-73.7833,12.47,77,99,0.42,PE,1705909758
272,Santa Maria,-29.6842,-53.8069,16.05,85,76,3.64,BR,1705909760
273,Hamilton,39.1834,-84.5333,-6.68,77,40,4.12,US,1705909731
274,Rio Grande,-32.035,-52.0986,21.6,56,100,6.2,BR,1705909763
275,Petropavlovsk-Kamchatsky,53.0452,158.6483,-9.19,77,40,2.24,RU,1705909765
276,Hun,29.1268,15.9477,11.58,61,0,6.57,LY,1705909766
277,Mirny,62.5353,113.9611,-12.09,78,100,5.81,RU,1705909768
278,Live Oak,36.9836,-121.9805,14.05,87,100,2.24,US,1705909769
279,Bandarbeyla,9.4942,50.8122,26.57,60,46,10.74,SO,1705909771
280,Igarka,67.4667,86.5833,-8.6,90,100,9.19,RU,1705909772
281,Xilin Hot,43.9667,116.0333,-21.26,89,10,1.29,CN,1705909774
282,Libreville,0.3925,9.4537,28.55,72,2,3.16,GA,1705909775
283,Hilo,19.7297,-155.09,22.36,87,20,2.57,US,1705909777
284,Ugoofaaru,5.6667,73.0,28.03,76,100,5.96,MV,1705909778
285,Knyaze-Volkonskoye,48.4642,135.4567,-20.0,90,100,4.92,RU,1705909780
286,San Patricio,28.017,-97.5169,16.94,99,100,2.96,US,1705909781
287,Mahibadhoo,3.7833,72.9667,28.32,75,16,5.41,MV,1705909783
288,Tulun,54.5611,100.5792,-13.85,88,99,1.9,RU,1705909784
289,Auki,-8.7676,160.7034,27.17,87,99,2.44,SB,1705909786
290,Taulaga,-11.0553,-171.0883,29.53,65,9,0.87,AS,1705909787
291,Lagoa,39.05,-27.9833,16.77,87,99,6.39,PT,1705909789
292,Cambria,35.5641,-121.0808,16.53,92,100,1.34,US,1705909790
293,Liwale,-9.7667,37.9333,22.47,95,100,1.42,TZ,1705909792
294,Antsiranana,-12.2787,49.2917,28.42,78,75,6.17,MG,1705909793
295,Hohhot,40.8106,111.6522,-15.84,60,0,2.0,CN,1705909795
296,Inarajan Village,13.2736,144.7484,25.08,93,84,8.09,GU,1705909796
297,Pathein,16.7833,94.7333,30.56,31,4,6.82,MM,1705909798
298,Dashitou,43.3067,128.5114,-19.7,85,100,5.39,CN,1705909799
299,Kovernino,57.1253,43.8142,-17.04,93,92,3.78,RU,1705909801
300,Tabou,4.423,-7.3528,26.92,85,28,2.0,CI,1705909802
301,Port Augusta,-32.5,137.7667,33.65,24,4,7.18,AU,1705909804
302,Usogorsk,63.4106,48.6872,-22.41,99,100,2.96,RU,1705909806
303,Riberalta,-10.9833,-66.1,23.26,93,100,1.06,BO,1705909807
304,Male,4.1748,73.5089,31.97,74,40,6.69,MV,1705909809
305,Handan,36.6006,114.4678,-2.24,22,0,2.3,CN,1705909810
306,Nueva Guinea,11.6876,-84.4562,21.54,98,39,3.75,NI,1705909812
307,Manaure Balcon Del Cesar,10.3928,-73.0325,20.85,72,3,2.93,CO,1705909813
308,Porto Novo,6.4965,2.6036,25.9,69,37,1.73,BJ,1705909816
309,Newman,37.3138,-121.0208,14.6,90,100,2.68,US,1705909817
310,Lashio,22.9333,97.75,23.19,28,100,1.98,MM,1705909819
311,Perryton,36.4,-100.8027,1.78,86,100,8.23,US,1705909820
312,Sittwe,20.15,92.9,23.68,55,3,6.05,MM,1705909822
313,Fort Mcmurray,56.7268,-111.381,-20.23,77,100,2.06,CA,1705909541
314,Arkhangel'Sk,64.5401,40.5433,-10.94,85,100,4.0,RU,1705909825
315,Serhiyivka,46.0272,30.3768,1.72,70,69,3.39,UA,1705909826
316,Gao,16.6362,1.637,22.21,8,22,4.7,ML,1705909828
317,Tago,9.0211,126.2317,27.0,83,100,3.42,PH,1705909829
318,Benjamin Hill,30.1667,-111.1,11.42,83,13,0.49,MX,1705909831
319,Goz Beida,13.95,20.55,24.88,10,0,3.46,TD,1705909832
320,Crane,31.3974,-102.3501,4.37,91,100,7.53,US,1705909834
321,Uturoa,-16.7333,-151.4333,27.54,77,80,3.41,PF,1705909835
322,Lodja,-3.4833,23.4333,26.7,68,84,0.76,CD,1705909837
323,Zhigalovo,54.8097,105.1578,-15.58,90,29,0.29,RU,1705909838
324,Manokwari,-0.8667,134.0833,25.19,92,100,3.16,ID,1705909840
325,Arawa,-6.2132,155.5367,27.06,93,61,2.24,PG,1705909841
326,Walvis Bay,-22.9575,14.5053,20.61,82,100,1.03,NA,1705909843
327,Sechura,-5.5569,-80.8222,24.38,77,97,4.86,PE,1705909845
328,Praia Da Vitoria,38.7333,-27.0667,18.14,88,40,8.71,PT,1705909846
329,Gurupa,-1.405,-51.64,23.39,99,66,1.17,BR,1705909848
330,Zelenograd,55.9825,37.1814,-9.21,79,0,5.0,RU,1705909850
331,Enewetak,11.3474,162.3373,26.39,76,64,9.87,MH,1705909851
332,Torres,-29.3353,-49.7269,19.92,80,99,2.71,BR,1705909853
333,Ar Rutbah,33.0381,40.2848,16.69,39,65,2.07,IQ,1705909854
334,Buala,-8.145,159.5921,28.04,82,88,2.55,SB,1705909856
335,Puerto Baquerizo Moreno,-0.9,-89.6,24.97,91,39,4.68,EC,1705909858
336,Luwuk,-0.9516,122.7875,29.18,72,100,3.39,ID,1705909859
337,Coronel,-37.0167,-73.1333,15.01,65,0,1.31,CL,1705909861
338,Ishigaki,24.3448,124.1572,18.07,82,75,8.23,JP,1705909863
339,Puerto Armuelles,8.2833,-82.8667,27.83,71,57,2.24,PA,1705909865
340,Pawlowice,49.9613,18.7178,1.31,71,100,3.6,PL,1705909866
341,Jokioinen,60.8016,23.48,0.74,97,100,7.28,FI,1705909868
342,Xinyuan,37.3,99.0,-5.71,24,82,5.77,CN,1705909869
343,Huarmey,-10.0681,-78.1522,22.56,88,70,2.19,PE,1705909871
344,Bethanie,-26.4833,17.15,27.8,26,42,1.1,NA,1705909872
345,Vorkuta,67.5,64.0,-11.94,95,100,4.85,RU,1705909874
346,Papao,-17.75,-149.55,23.82,76,94,8.96,PF,1705909876
347,Airway Heights,47.6446,-117.5933,1.57,88,100,3.09,US,1705909877
348,Kavieng,-2.5744,150.7967,28.62,76,95,1.51,PG,1705909879
349,Port Saint John'S,-31.6229,29.5448,25.72,64,85,5.98,ZA,1705909880
350,Ahmadnagar,19.0833,74.7333,28.18,28,75,4.6,IN,1705909759
351,Illizi,26.4833,8.4667,7.89,31,1,3.77,DZ,1705909883
352,Howrah,22.5892,88.3103,18.0,68,19,1.54,IN,1705909885
353,Bengkulu,-3.8004,102.2655,29.47,64,72,3.05,ID,1705909886
354,Ancud,-41.8697,-73.8203,12.72,85,0,0.65,CL,1705909888
355,Molde,62.7375,7.1591,6.91,61,40,4.12,NO,1705909889
356,San Pedro Pochutla,15.7333,-96.4667,22.33,72,41,1.89,MX,1705909891
357,Greenville,35.6127,-77.3663,-5.99,100,0,0.0,US,1705909892
358,Kiffa,16.6166,-11.4045,20.73,10,95,4.09,MR,1705909894
359,Rongelap,11.1635,166.8941,26.32,76,67,9.07,MH,1705909895
360,Hobyo,5.3505,48.5268,27.92,58,56,12.15,SO,1705909897
361,Pokhara,28.2333,83.9833,18.29,32,0,3.08,NP,1705909683
362,Bahia Blanca,-38.7196,-62.2724,22.57,31,0,4.5,AR,1705909808
363,Narok,-1.0783,35.8601,21.99,56,81,2.35,KE,1705909901
364,Alajarvi,63.0,23.8167,0.33,92,100,6.33,FI,1705909903
365,Carrizal,10.3499,-66.9863,16.67,97,19,0.61,VE,1705909904
366,Nuuk,64.1835,-51.7216,-7.51,96,100,1.37,GL,1705909906
367,Kutum,14.2,24.6667,20.98,11,6,2.94,SD,1705909907
368,Ravar,31.2656,56.8055,15.97,15,3,1.7,IR,1705909909
369,Tazacorte,28.629,-17.9293,17.54,76,75,6.71,ES,1705909910
370,Urangan,-25.3,152.9,31.22,75,0,4.92,AU,1705909912
371,Ust'-Ilimsk,58.0006,102.6619,-14.2,86,92,3.58,RU,1705909913
372,Grand Falls-Windsor,48.9332,-55.6649,-5.28,91,65,2.55,CA,1705909915
373,Hammerfest,70.6634,23.6821,-4.75,80,100,9.26,NO,1705909916
374,Pacific Grove,36.6177,-121.9166,14.25,89,100,4.02,US,1705909918
375,Khandyga,62.6667,135.6,-27.25,98,100,2.06,RU,1705909919
376,Mournies,35.4764,24.0092,10.46,87,75,8.23,GR,1705909921
377,Zhezqazghan,47.7833,67.7667,-11.68,67,0,7.0,KZ,1705909922
378,Acapulco De Juarez,16.8634,-99.8901,24.61,75,0,1.57,MX,1705909924
379,Sarkikaraagac,38.0794,31.3664,0.01,79,100,3.82,TR,1705909925
380,Cidreira,-30.1811,-50.2056,21.96,64,100,6.2,BR,1705909927
381,Atherton,53.5237,-2.4935,8.49,76,72,2.24,GB,1705909906
382,Stryi,49.2622,23.8561,-2.34,77,46,3.62,UA,1705909930
383,Nagqu,31.5,92.0,-7.39,25,0,3.41,CN,1705909931
384,Paros,37.0833,25.15,11.28,59,75,13.89,GR,1705909933
385,Lionel Town,17.8101,-77.2406,25.94,82,3,3.06,JM,1705909934
386,Oamaru,-45.0784,170.9801,18.74,77,41,2.43,NZ,1705909936
387,Massawa,15.6097,39.45,28.04,62,24,1.17,ER,1705909937
388,Vallenar,-28.5708,-70.7581,20.06,64,0,0.98,CL,1705909939
389,Bato,13.3528,123.3677,28.13,74,89,1.97,PH,1705909941
390,Nar'Yan-Mar,67.6713,53.087,-24.38,98,34,2.68,RU,1705909942
391,Kapuskasing,49.4169,-82.4331,-4.95,86,100,6.17,CA,1705909835
392,Newport,51.5877,-2.9984,9.02,85,8,12.32,GB,1705909825
393,Pangody,65.85,74.4859,-8.21,94,100,9.04,RU,1705909946
394,Ponta Delgada,37.7333,-25.6667,18.44,94,75,5.14,PT,1705909948
395,Wingham,43.8879,-81.3114,-5.4,80,100,5.85,CA,1705909950
396,Kosh-Agach,50.0,88.6667,-19.54,72,2,0.67,RU,1705909951
397,Nkove,-7.95,30.85,24.34,69,99,1.43,TZ,1705909953
398,Siwa Oasis,29.2041,25.5195,16.2,69,20,5.78,EG,1705909954
399,Ilabaya,-17.4208,-70.5133,21.26,78,71,0.93,PE,1705909956
400,Kaa-Khem,51.6833,94.7333,-23.83,93,22,0.74,RU,1705909744
401,El Empalme,-40.7226,-64.9922,24.5,34,0,4.28,AR,1705909959
402,Coihueco,-36.6167,-71.8333,18.41,63,0,3.09,CL,1705909960
403,Iowa Park,33.9515,-98.6687,-0.03,94,100,4.12,US,1705909962
404,East London,-33.0153,27.9116,25.52,69,75,9.26,ZA,1705909963
405,Colonia,50.9333,6.95,12.12,76,100,7.72,DE,1705909718
406,Barra De Santo Antonio,-9.4047,-35.5072,25.6,84,6,4.86,BR,1705909966
407,Coahuayana De Hidalgo,18.7,-103.6583,21.99,77,3,1.74,MX,1705909968
408,Guelph,43.5501,-80.2497,-5.65,70,40,4.12,CA,1705909864
409,Tambura,5.6,27.4667,30.88,12,64,2.31,SS,1705909971
410,Luderitz,-26.6481,15.1594,24.93,47,0,7.54,NA,1705909972
411,Talcahuano,-36.7167,-73.1167,14.82,82,0,1.54,CL,1705909816
412,Severinia,-20.8094,-48.8028,19.35,94,71,2.55,BR,1705909975
413,Maintirano,-18.0667,44.0167,30.65,66,81,4.38,MG,1705909977
414,Luwingu,-10.2621,29.9271,18.0,94,100,3.7,ZM,1705909978
415,Hassi Messaoud,31.6804,6.0729,10.92,62,75,3.6,DZ,1705909980
416,Sao Gabriel Da Cachoeira,-0.1303,-67.0892,22.72,98,61,0.22,BR,1705909981
417,Kruisfontein,-34.0033,24.7314,19.73,80,99,7.72,ZA,1705909983
418,Shelton,41.3165,-73.0932,-3.88,71,0,2.57,US,1705909985
419,Beyneu,45.3167,55.2,1.75,80,98,3.45,KZ,1705909986
420,Thal,35.4791,72.2439,8.01,26,100,1.84,PK,1705909988
421,Borgo Val Di Taro,44.487,9.7658,6.17,29,67,1.82,IT,1705909989
422,Choyr,46.3611,108.3611,-20.91,82,17,2.7,MN,1705909991
423,Horta,38.5333,-28.6333,17.8,95,75,8.49,PT,1705909901
424,Santana,-0.0583,-51.1817,25.1,94,40,1.54,BR,1705909994
425,Mingora,34.7758,72.3625,16.95,12,100,2.65,PK,1705909995
426,Butembo,0.15,29.2833,25.43,24,72,1.94,CD,1705909997
427,Tacna,-18.0056,-70.2483,18.5,85,82,1.03,PE,1705909999
428,Lazaro Cardenas,17.9583,-102.2,23.02,87,0,2.01,MX,1705910001
429,Tartouss,34.889,35.8866,19.54,53,12,4.52,SY,1705910002
430,Labuan Bajo,-8.4964,119.8877,26.95,88,100,4.74,ID,1705909749
431,Boquete,8.7833,-82.4333,19.99,72,37,3.58,PA,1705909935
432,Tahe,52.3333,124.7333,-19.95,92,97,0.75,CN,1705910007
433,New Norfolk,-42.7826,147.0587,14.72,52,17,2.67,AU,1705910008
434,Puerto Real,36.5282,-6.1901,7.09,87,0,2.06,ES,1705910010
435,Novodvinsk,64.4165,40.8122,-11.14,95,100,3.55,RU,1705910011
436,Puerto Gaitan,4.3133,-72.0816,26.85,47,78,4.34,CO,1705910013
437,Bubaque,11.2833,-15.8333,25.77,63,25,3.58,GW,1705910014
438,Northam,51.0333,-4.2167,9.81,91,47,11.94,GB,1705910016
439,Strathmore,51.0501,-113.3852,-12.03,92,100,2.06,CA,1705909985
440,Genhe,50.7833,121.5167,-21.73,93,100,1.79,CN,1705910019
441,Aykhal,66.0,111.5,-21.72,100,100,2.22,RU,1705910021
442,Priob'Ye,62.5206,65.5964,-4.99,91,100,6.33,RU,1705910022
443,Bikenibeu Village,1.3673,173.1241,28.98,79,75,3.09,KI,1705910024
444,Kampong Thom,12.7111,104.8887,35.77,26,44,2.03,KH,1705910025
445,Fisterra,42.9049,-9.2629,14.86,97,100,10.73,ES,1705910027
446,Nellore,14.4333,79.9667,29.79,50,5,5.45,IN,1705910028
447,Robertsport,6.7533,-11.3686,26.37,88,26,3.23,LR,1705910030
448,Slave Lake,55.2834,-114.769,-17.01,71,100,4.63,CA,1705910031
449,Prachuap Khiri Khan,12.2167,99.75,32.74,34,61,5.37,TH,1705910033
450,Cooma,-36.2333,149.1333,19.35,77,14,5.17,AU,1705910034
451,Novyy Urengoy,66.0833,76.6333,-8.18,93,100,8.86,RU,1705910036
452,Redencao,-4.2258,-38.7306,24.25,94,15,0.52,BR,1705910037
453,Souillac,-20.5167,57.5167,30.21,79,75,3.6,MU,1705910039
454,Ocean City,39.2776,-74.5746,-3.9,72,2,1.79,US,1705910040
455,Fort St. John,56.2499,-120.8529,-18.06,85,100,5.66,CA,1705910042
456,Brookings,44.3114,-96.7984,-6.57,84,88,3.0,US,1705909890
457,Taltal,-25.4,-70.4833,19.38,83,54,0.56,CL,1705910045
458,Presidente Olegario,-18.4178,-46.4181,18.52,90,54,1.0,BR,1705910046
459,Galliano,29.4422,-90.2992,10.0,81,100,3.09,US,1705910048
460,Pudozh,61.8099,36.5345,-8.36,95,100,4.47,RU,1705910049
461,Noumea,-22.2763,166.4572,27.99,80,100,3.96,NC,1705909396
462,Fuglafjordur,62.244,-6.814,5.26,97,100,11.67,FO,1705910052
463,Saldanha,-33.0117,17.9442,26.03,69,18,8.83,ZA,1705910054
464,Mrakovo,52.7161,56.6244,-8.91,93,100,2.26,RU,1705910055
465,Suntar,62.1444,117.6319,-9.89,92,100,4.87,RU,1705910057
466,Hundested,55.9667,11.8667,6.21,93,100,6.26,DK,1705910058
467,Weno,7.4515,151.8468,27.97,83,100,3.6,FM,1705910060
468,Isabela,6.7085,121.9711,31.03,71,100,1.9,PH,1705910061
469,Ostersund,63.1792,14.6357,0.25,93,100,10.8,SE,1705910058
470,Vernon,50.2581,-119.2691,1.2,91,100,0.51,CA,1705910065
471,Lensk,60.7253,114.9278,-9.9,87,100,7.36,RU,1705910066
472,Gunjur,13.2019,-16.7339,21.04,78,0,2.57,GM,1705910068
473,El Abiodh Sidi Cheikh,32.893,0.5484,6.25,71,0,2.5,DZ,1705910069
474,Birzebbuga,35.8258,14.5269,13.38,54,20,4.12,MT,1705910071
475,Mabaruma,8.2,-59.7833,21.91,99,29,1.02,GY,1705910072
476,Moundou,8.5667,16.0833,26.91,11,0,1.22,TD,1705910074
477,Sao Felix Do Xingu,-6.6447,-51.995,22.5,98,59,0.27,BR,1705910075
478,Porbandar,21.6422,69.6093,26.99,29,16,3.09,IN,1705910077
479,Sodankyla,67.4167,26.6,-2.2,93,100,5.31,FI,1705910078
480,Darwin,-12.4611,130.8418,31.08,75,75,7.2,AU,1705910004
481,Kabo,7.6994,18.629,29.13,9,21,2.15,CF,1705910081
482,Kumeny,58.1089,49.9161,-18.65,95,23,4.23,RU,1705910083
483,Bafq,31.6128,55.4107,17.61,15,11,3.6,IR,1705910084
484,Dunafoldvar,46.808,18.9264,-1.72,77,10,3.55,HU,1705910086
485,Palikir - National Government Center,6.9248,158.1611,27.41,83,100,2.57,FM,1705910087
486,New Plymouth,-39.0667,174.0833,20.73,83,34,4.09,NZ,1705910089
487,Mount Isa,-20.7333,139.5,34.87,41,40,5.66,AU,1705910090
488,Wanning,18.8003,110.3967,22.62,82,34,4.42,CN,1705910092
489,Rouissat,31.9243,5.3502,12.81,59,100,4.49,DZ,1705910093
490,Portales,34.1862,-103.3344,2.74,61,38,3.73,US,1705909577
491,Thunder Bay,48.4001,-89.3168,-3.01,93,100,4.12,CA,1705909892
492,Tala,30.6803,30.9429,19.64,60,6,5.55,EG,1705910098
493,Brisas De Zicatela,15.8369,-97.0419,25.25,72,17,2.72,MX,1705910099
494,Kupang,-10.1667,123.5833,31.32,79,20,6.69,ID,1705910101
495,Ghanzi,-21.5667,21.7833,27.79,34,0,1.62,BW,1705910102
496,Minas De Marcona,-15.2119,-75.1103,18.88,88,100,1.62,PE,1705910104
497,Kailua-Kona,19.6406,-155.9956,24.98,82,40,2.06,US,1705909906
498,Bahir Dar,11.5936,37.3908,23.66,38,97,1.33,ET,1705910107
499,Port Hueneme,34.1478,-119.1951,15.59,86,100,3.6,US,1705909891
500,Mirpur Sakro,24.5474,67.6277,26.43,40,50,5.67,PK,1705910110
501,Anadyr,64.75,177.4833,-15.72,85,100,2.0,RU,1705910111
502,Houthulst,50.9637,2.8986,12.83,88,99,10.49,BE,1705910113
503,Sola,-13.8833,167.55,26.82,85,100,5.06,VU,1705910114
504,Kununurra,-15.7667,128.7333,31.99,66,100,3.6,AU,1705909864
505,Prairie Du Chien,43.0517,-91.1412,-3.95,63,0,4.12,US,1705910117
506,Lukolela,-1.0605,17.1821,28.31,60,51,1.97,CD,1705910119
507,Yatou,37.15,122.3833,-7.63,65,100,10.49,CN,1705910120
508,Oulunsalo,64.9346,25.4112,0.1,96,100,5.66,FI,1705910122
509,Vila Velha,-20.3297,-40.2925,23.3,99,40,1.54,BR,1705910123
510,Holualoa,19.6228,-155.9522,22.91,81,40,2.06,US,1705910116
511,Nyanguge,-2.55,33.2,20.74,78,100,2.62,TZ,1705910126
512,Okhotsk,59.3833,143.3,-35.76,87,3,2.53,RU,1705910128
513,Kyren,51.6828,102.1408,-10.03,69,12,0.45,RU,1705910129
514,Santa Cruz,-17.8,-63.1667,24.7,94,75,6.17,BO,1705910053
515,Koath,25.3167,84.2667,20.51,27,8,2.82,IN,1705910133
516,Gulf Shores,30.246,-87.7008,6.03,55,0,3.6,US,1705910134
517,Broome,42.2506,-75.833,-8.22,86,0,2.57,US,1705910136
518,Lebork,54.5392,17.7501,3.29,73,100,9.86,PL,1705910137
519,Kencong,-8.2833,113.3667,28.73,77,84,6.39,ID,1705910139
520,Polyarnyy,69.1989,33.4478,-8.37,93,100,5.19,RU,1705910140
521,Raduzhny,62.0961,77.475,-6.54,79,100,8.25,RU,1705910142
522,Ust-Tsilma,65.441,52.1498,-29.66,100,39,1.34,RU,1705910143
523,Yomju-Up,39.8933,124.5981,-13.15,68,50,9.21,KP,1705910145
524,Yambio,4.5721,28.3955,30.71,14,39,2.33,SS,1705910146
525,Veinticinco De Mayo,-35.4323,-60.1727,16.1,89,0,0.89,AR,1705910148
526,Prince George,53.9166,-122.753,-5.95,93,100,4.63,CA,1705909902
527,Taksimo,56.3444,114.8794,-16.81,95,95,0.98,RU,1705910151
528,Erzincan,39.75,39.5,0.61,86,75,0.51,TR,1705910152
529,Blenheim,-41.516,173.9528,24.18,58,85,4.25,NZ,1705910154
530,Bacalar,18.6667,-88.3833,21.36,97,97,1.96,MX,1705910155
531,Mata-Utu,-13.2816,-176.1745,29.16,75,97,2.81,WF,1705910157
532,Ad Dilam,23.9915,47.1627,20.23,25,0,5.93,SA,1705910158
533,Bodaybo,57.8506,114.1933,-11.14,90,100,1.35,RU,1705910160
534,Galveston,29.3669,-94.9669,13.92,91,100,7.2,US,1705910067
535,Mora,11.0461,14.1401,23.01,19,4,2.45,CM,1705910163
536,Semikarakorsk,47.5194,40.8112,-4.41,83,8,3.86,RU,1705910164
537,Esmeralda,21.8525,-78.1169,22.56,75,90,6.91,CU,1705910166
538,Tupancireta,-29.0806,-53.8358,15.41,84,93,6.04,BR,1705910167
539,Queenstown,-31.8976,26.8753,23.09,44,0,3.48,ZA,1705909995
540,Latrobe,40.3212,-79.3795,-10.72,89,0,0.0,US,1705910170
541,Labrador City,52.9463,-66.9114,-17.05,71,100,4.63,CA,1705910177
542,Tarashcha,49.5583,30.4926,-3.89,86,68,4.47,UA,1705910178
543,Arkansas City,37.062,-97.0384,-0.77,93,100,6.69,US,1705910180
544,Barra Do Bugres,-15.0725,-57.1811,23.37,96,93,1.06,BR,1705910181
545,Howard Springs,-12.497,131.047,31.04,82,37,5.62,AU,1705910183
546,Eyl,7.9803,49.8164,28.75,50,4,11.07,SO,1705910185
547,Wynyard,-41.0,145.7167,16.36,59,54,2.91,AU,1705910186
548,San Jose De Jachal,-30.2406,-68.7469,19.97,60,33,0.53,AR,1705910188
549,Belmonte,-15.8631,-38.8828,24.7,93,100,3.9,BR,1705910189
550,Likhoslavl',57.1275,35.464,-10.64,85,52,5.39,RU,1705910191
551,Harsin,34.2721,47.5861,8.45,40,8,1.55,IR,1705910193
552,Nevada,39.2502,-116.7512,-1.84,86,99,2.83,US,1705910194
553,Natchitoches,31.7668,-93.1335,3.47,81,100,0.0,US,1705910196
554,Nampula,-15.1165,39.2666,25.97,78,75,6.71,MZ,1705910197
555,Dudinka,69.4058,86.1778,-10.18,95,100,4.02,RU,1705910199
556,Tercan,39.7794,40.3925,-1.81,93,100,2.0,TR,1705910200
557,Paracuru,-3.41,-39.0306,28.39,85,61,3.5,BR,1705910202
558,Knjazevac,43.5648,22.2502,0.07,74,18,1.06,RS,1705910203
559,Tughyl,47.7252,84.2063,-18.16,89,11,1.37,KZ,1705910205
560,Balsta,59.5671,17.5278,1.96,97,100,10.22,SE,1705910206
561,Reggane,26.7158,0.1714,14.41,45,0,6.46,DZ,1705910208
562,Vikhorevka,56.1201,101.1636,-17.09,90,91,1.15,RU,1705910210
563,Mundybash,53.211,87.2983,-8.28,82,7,0.62,RU,1705910211
564,Ladario,-19.0047,-57.6017,24.45,86,100,1.18,BR,1705910213
565,Cole Harbour,44.6724,-63.4751,-6.13,82,77,4.02,CA,1705910177
566,Port Blair,11.6667,92.75,29.02,61,20,4.12,IN,1705910062
567,Abaza,52.655,90.0928,-10.89,82,13,1.34,RU,1705910218
568,Conceicao Da Barra,-18.5933,-39.7322,23.57,95,100,0.99,BR,1705910219
569,Adamovka,51.5223,59.9396,-8.41,94,100,0.93,RU,1705910221
570,Zigong,29.3416,104.7769,5.8,69,100,1.51,CN,1705910222
571,Gaalkacyo,6.7697,47.4308,31.03,21,31,9.95,SO,1705910224
572,Yelanskiy,56.8419,62.5014,-8.42,85,100,4.76,RU,1705910225
573,Armacao De Buzios,-22.7469,-41.8817,24.03,93,15,5.27,BR,1705910227
574,Rampur,28.8167,79.0333,11.28,19,49,1.67,IN,1705910228
575,Kone,-21.0595,164.8658,27.69,77,100,1.45,NC,1705910230
576,Broken Hill,-31.95,141.4333,31.02,17,10,5.19,AU,1705910231
577,Conception Bay South,47.4999,-52.9981,-0.81,87,100,7.9,CA,1705910233
578,Batticaloa,7.7102,81.6924,27.92,70,47,5.05,LK,1705910234
579,Ylivieska,64.0833,24.55,0.18,91,100,5.19,FI,1705910236
580,Valle Del Guamuez,0.4525,-76.9192,21.03,95,100,0.82,CO,1705910237
581,Pont Rouge,48.8833,-72.0825,-10.84,92,100,3.61,CA,1705910239
582,Kuanda,56.3161,116.0806,-22.2,99,100,0.26,RU,1705910240
583,Kuqa,41.7278,82.9364,-3.69,58,100,1.57,CN,1705910242
584,Longview,32.5007,-94.7405,6.14,42,100,4.12,US,1705910243
585,Sungai Raya,0.7,108.9,30.52,62,97,2.67,ID,1705910245
